<application>
  <component name="FileTypeManager" version="17">
    <extensionMap>
      <mapping pattern=".env.dev" type="PLAIN_TEXT" />
      <mapping pattern="roletree.json" type="PLAIN_TEXT" />
      <mapping pattern="面向对象理解.md" type="PLAIN_TEXT" />
      <mapping pattern="blog" type="PLAIN_TEXT" />
      <mapping pattern="testsss" type="PLAIN_TEXT" />
      <mapping pattern="pushtime" type="PLAIN_TEXT" />
      <mapping pattern="data11" type="PLAIN_TEXT" />
      <mapping pattern="rbac.sql" type="PLAIN_TEXT" />
      <mapping pattern="data" type="PLAIN_TEXT" />
      <mapping pattern="grpc.md" type="PLAIN_TEXT" />
      <mapping pattern="广度优先算法" type="PLAIN_TEXT" />
      <mapping pattern="面试题" type="PLAIN_TEXT" />
      <mapping pattern="go.mod" type="PLAIN_TEXT" />
      <mapping pattern="排序算法" type="PLAIN_TEXT" />
      <mapping pattern="代理商模块.md" type="PLAIN_TEXT" />
      <mapping ext="dat" type="PLAIN_TEXT" />
      <mapping ext="sum" type="PLAIN_TEXT" />
      <mapping ext="tmp" type="PLAIN_TEXT" />
      <mapping ext="conf" type="PLAIN_TEXT" />
      <mapping ext="in" type="PLAIN_TEXT" />
      <mapping ext="136" type="PLAIN_TEXT" />
      <mapping ext="dev" type="PLAIN_TEXT" />
    </extensionMap>
  </component>
</application>