<application>
  <component name="NodeJsLocalInterpreters">
    <local-interpreter path="/usr/bin/node">
      <version-cache version="8.10.0" last-modified="1539778904000" />
    </local-interpreter>
  </component>
  <component name="PropertiesComponent">
    <property name="COMMITTED_CHANGES_FILTER_HISTORY" value="1.1." />
    <property name="CommitChangeListDialog.DETAILS_SPLITTER_PROPORTION_2" value="0.71467024" />
    <property name="CommittedChanges.SplitterProportions.0" value="700" />
    <property name="CommittedChanges.SplitterProportions.1" value="500" />
    <property name="Copy.OpenInEditor" value="true" />
    <property name="DbRenameDialog.previewExpanded" value="true" />
    <property name="Default.SavedEditorTheme" value="_@user_Default" />
    <property name="ExpandBeforeRunStepsPanel" value="true" />
    <property name="ExpandRunDashboardTypesPanel" value="false" />
    <property name="GO_IDE_DEFAULT_PROJECT_PATH" value="$USER_HOME$/go/src" />
    <property name="InstalledPluginsSearchHistory" value="Translation&#10;tran&#10;subversion" />
    <property name="LayoutCode.optimizeImports" value="true" />
    <property name="RESTClient.httpMethod" value="GET&#10;POST&#10;PUT&#10;PATCH&#10;DELETE&#10;HEAD&#10;OPTIONS" />
    <property name="SettingsSearchHistory" value="eslint&#10;format&#10;es&#10;eslin&#10;font" />
    <property name="SplitFileEditor.Proportion" value="0.56002146" />
    <property name="SqlStructureView.filterD.file.structure.state" value="true" />
    <property name="TrendingPluginsSearchHistory" value="Translation&#10;tran&#10;subversion&#10;Key Promoter X" />
    <property name="cn.yiiguxing.plugin.translate.version" value="2.4.1" />
    <property name="com.intellij.history.integration.ui.views.DirectoryHistoryDialog.0" value="300" />
    <property name="com.intellij.history.integration.ui.views.FileHistoryDialog.0" value="300" />
    <property name="com.intellij.history.integration.ui.views.FileHistoryDialog.1" value="800" />
    <property name="dir.diff.panel.divider.location" value="158" />
    <property name="evlsprt3.183" value="16" />
    <property name="file.chooser.recent.files" value="$USER_HOME$/go/src/yungengxin2019/lwyupgrade&#10;/home/yu/go/src/yungengxin2019/lwyapi/services&#10;/home/yu/gomod/goStudy&#10;/home/yu/gomod/cloud-storage-vue/README.md&#10;/home/yu/gomod/cloud-storage-vue&#10;/home/yu/gomod/CloudUpdate&#10;/home/yu/gomod&#10;/home/yu/go/src/yungengxin2019/lwycore&#10;/home/yu/go/src/yungengxin2019/lwycommon&#10;/home/yu/go/src/yungengxin2019&#10;/home/yu/go/src/yungengxin2019/lwyapi&#10;/home/yu/gomod/ant-api&#10;/home/yu/gomod/base-beego&#10;/home/yu/gomod/go-admin&#10;/home/yu/gomod/blockchain&#10;/home/yu/gomod/cloud-storage&#10;/home/yu/gomod/notes&#10;/home/yu/gomod/cron&#10;/home/yu/gomod/cfawler&#10;/home/yu/gomod/stock2&#10;/home/yu/go/src/stock2&#10;/home/yu/go/src&#10;/home/yu/go/src/google.golang.org/grpc/examples&#10;/home/yu/文档/云机房/原型图/cloudroom_doc/前端设计&#10;/home/yu/go/src/study&#10;/home/yu/gomod/modtest&#10;/home/yu/gomod/ant&#10;/home/yu/go/src/study/gointro&#10;/home/yu/go/src/yungengxin2019/lwyweb&#10;/home/yu/go/src/yungengxin" />
    <property name="file.gist.reindex.count" value="79983" />
    <property name="fileTypeChangedCounter" value="402" />
    <property name="go.init.cfg.2" value="true" />
    <property name="go.init.cfg.line.markers" value="true" />
    <property name="go.init.mod.file.type" value="true" />
    <property name="go.last.update.timestamp" value="1578966056175" />
    <property name="go.libraries.notification.had.been.shown" value="true" />
    <property name="go.optimizeImportsByDefault" value="true" />
    <property name="go.settings.notification.shown" value="true" />
    <property name="go.suggest.all.rc.was.enabled.once" value="true" />
    <property name="gotest.Splitter.Proportion" value="0.013975156" />
    <property name="gotestSupport.hidePassedTests" value="true" />
    <property name="ignoreUltimateEdition" value="true" />
    <property name="js.overrides.completion" value="true" />
    <property name="js.var.names.completion" value="false" />
    <property name="ts.lib.d.ts.version" value="3.2.1" />
  </component>
  <component name="SvnApplicationSettings">
    <option name="myCheckoutURLs">
      <list>
        <option value="http://172.16.60.61/svn/cloudroom/source/web/yungengxin2019" />
        <option value="http://172.16.60.61/svn/cloudroom/source/web/yungengxin2019/lwyweb" />
        <option value="http://172.16.60.61/svn/cloudroom/source/web/yungengxin" />
      </list>
    </option>
    <option name="myTypedURLs">
      <list>
        <option value="http://172.16.60.61/svn/cloudroom/source/web/yungengxin2019" />
        <option value="http://172.16.60.61/svn/cloudroom/source/web/yungengxin2019/lwyweb" />
        <option value="http://172.16.60.61/svn/cloudroom/source/web/yungengxin" />
      </list>
    </option>
  </component>
</application>