<application>
  <component name="AppStorage">
    <histories>
      <item value="定时扫描" />
      <item value="定时" />
      <item value="已发送" />
      <item value="未发送" />
      <item value="master" />
      <item value="主" />
      <item value="// New optionally specifies a function to generate // a value when Get would otherwise return nil. // It may not be changed concurrently with calls to Get." />
      <item value="接受" />
      <item value="// ManagePartition creates a PartitionOffsetManager on the given topic/partition. // It will return an error if this OffsetManager is already managing the given // topic/partition." />
      <item value="// Offsets specifies configuration for how and when to commit consumed // offsets. This currently requires the manual use of an OffsetManager // but will eventually be automated." />
      <item value="// ResetOffset resets to the provided offset, alongside a metadata string that // represents the state of the partition consumer at that point in time. Reset // acts as a counterpart to MarkOffset, the difference being that it allows to // reset an offset to an earlier or smaller value, where MarkOffset only // allows incrementing the offset. cf MarkOffset for more details." />
      <item value="// MarkOffset marks the provided offset, alongside a metadata string // that represents the state of the partition consumer at that point in time. The // metadata string can be used by another consumer to restore that state, so it // can resume consumption. // // To follow upstream conventions, you are expected to mark the offset of the // next message to read, not the last message read. Thus, when calling `MarkOffset` // you should typically add one to the offset of the last consumed message. // // Note: calling MarkOffset does not necessarily commit the offset to the backend // store immediately for efficiency reasons, and it may never be committed if // your application crashes. This means that you may end up processing the same // message twice, and your processing should ideally be idempotent." />
      <item value="ConsumerMessage encapsulates a Kafka message returned by the consumer." />
      <item value="// ConsumerGroupHandler instances are used to handle individual topic/partition claims.&#10;// It also provides hooks for your consumer group session life-cycle and allow you to&#10;// trigger logic before or after the consume loop(s).&#10;//&#10;// PLEASE NOTE that handlers are likely be called from several goroutines concurrently,&#10;// ensure that all state is safely protected against race conditions." />
      <item value="ConsumerGroupClaim processes Kafka messages from a given topic and partition within a consumer group." />
      <item value="// Messages returns the read channel for the messages that are returned by // the broker. The messages channel will be closed when a new rebalance cycle // is due. You must finish processing and mark offsets within // Config.Consumer.Group.Session.Timeout before the topic/partition is eventually // re-assigned to another group member." />
      <item value="// HighWaterMarkOffset returns the high water mark offset of the partition, // i.e. the offset that will be used for the next message that will be produced. // You can use this to determine how far behind the processing is." />
      <item value="// InitialOffset returns the initial offset that was used as a starting point for this claim." />
      <item value="// ConsumeClaim must start a consumer loop of ConsumerGroupClaim's Messages(). // Once the Messages() channel is closed, the Handler must finish its processing // loop and exit." />
      <item value="// NewOffsetManagerFromClient creates a new OffsetManager from the given client.&#10;// It is still necessary to call Close() on the underlying client when finished with the partition manager." />
      <item value="Sc" />
      <item value="// The registry to define metrics into. // Defaults to a local registry. // If you want to disable metrics gathering, set &quot;metrics.UseNilMetrics&quot; to &quot;true&quot; // prior to starting Sarama. // See Examples on how to use the metrics registry" />
      <item value="subscribe" />
      <item value="订阅" />
      <item value="单例" />
      <item value="升级任务" />
      <item value="升级日志" />
      <item value="// NewClient creates a new Client. It connects to one of the given broker addresses&#10;// and uses that broker to automatically fetch metadata on the rest of the kafka cluster. If metadata cannot&#10;// be retrieved from any of the given broker addresses, the client is not created." />
      <item value="升级" />
      <item value="calculate" />
      <item value="计算" />
      <item value="分辨率" />
      <item value="分类" />
      <item value="assort" />
      <item value="可获得的" />
      <item value="reachable" />
      <item value="// SASL based authentication with broker. While there are multiple SASL authentication methods // the current implementation is limited to plaintext (SASL/PLAIN) authentication" />
      <item value="// A user-provided string sent with every request to the brokers for logging, // debugging, and auditing purposes. Defaults to &quot;sarama&quot;, but you should // probably set it to something specific to your application." />
      <item value="句柄" />
      <item value="Get Hardware Info" />
      <item value="operate" />
      <item value="操作" />
      <item value="未知" />
      <item value="重启中" />
      <item value="停止中" />
      <item value="运行中" />
      <item value="启动中" />
      <item value="已停止" />
      <item value="Synchronize PNP" />
      <item value="文件格式" />
    </histories>
    <option name="languageScores">
      <map>
        <entry key="CHINESE" value="134" />
        <entry key="ENGLISH" value="135" />
      </map>
    </option>
  </component>
  <component name="Settings">
    <option name="ignoreRegExp" value="" />
  </component>
</application>